
{
  "header": {
    "reportVersion": 1,
    "event": "Allocation failed - JavaScript heap out of memory",
    "trigger": "FatalError",
    "filename": "report.20211101.161243.17064.0.001.json",
    "dumpEventTime": "2021-11-01T16:12:43Z",
    "dumpEventTimeStamp": "1635797563930",
    "processId": 17064,
    "cwd": "D:\\Bayer_VS_Solution\\ContractExpress.Revamp\\Monsanto.ContractExpressSystem",
    "commandLine": [
      "D:\\Program Files (x86)\\Microsoft Visual Studio\\2019\\Enterprise\\MSBuild\\Microsoft\\VisualStudio\\NodeJs\\node.exe",
      "--expose-gc",
      "--max_old_space_size=3072",
      "C:\\Program Files (x86)\\Microsoft SDKs\\TypeScript\\3.8\\tsserver.js",
      "--cancellationPipeName",
      "\\\\.\\pipe\\tsserver-cancellation-ProjectHost-15448",
      "--useSingleInferredProject",
      "--locale",
      "en-US",
      "--suppressDiagnosticEvents",
      "--enableTelemetry",
      "--allowLocalPluginLoads",
      "--npmLocation",
      "D:\\Program Files (x86)\\Microsoft Visual Studio\\2019\\Enterprise\\MSBuild\\Microsoft\\VisualStudio\\NodeJs\\npm.cmd",
      "--globalPlugins",
      "@vsintellicode/typescript-intellicode-plugin",
      "--pluginProbeLocations",
      "D:\\PROGRAM FILES (X86)\\MICROSOFT VISUAL STUDIO\\2019\\ENTERPRISE\\COMMON7\\IDE\\EXTENSIONS\\MICROSOFT\\INTELLICODE\\TypeScriptAssets",
      "--typingSafeListLocation",
      "d:\\program files (x86)\\microsoft visual studio\\2019\\enterprise\\common7\\ide\\commonextensions\\microsoft\\typescript\\typingSafeList.json",
      "--eventPort",
      "52030"
    ],
    "nodejsVersion": "v12.13.1",
    "wordSize": 32,
    "arch": "ia32",
    "platform": "win32",
    "componentVersions": {
      "node": "12.13.1",
      "v8": "7.7.299.13-node.16",
      "uv": "1.33.1",
      "zlib": "1.2.11",
      "brotli": "1.0.7",
      "ares": "1.15.0",
      "modules": "72",
      "nghttp2": "1.39.2",
      "napi": "5",
      "llhttp": "1.1.4",
      "http_parser": "2.8.0",
      "openssl": "1.1.1d",
      "cldr": "35.1",
      "icu": "64.2",
      "tz": "2019c",
      "unicode": "12.1"
    },
    "release": {
      "name": "node",
      "lts": "Erbium",
      "headersUrl": "https://nodejs.org/download/release/v12.13.1/node-v12.13.1-headers.tar.gz",
      "sourceUrl": "https://nodejs.org/download/release/v12.13.1/node-v12.13.1.tar.gz",
      "libUrl": "https://nodejs.org/download/release/v12.13.1/win-x86/node.lib"
    },
    "osName": "Windows_NT",
    "osRelease": "10.0.14393",
    "osVersion": "Windows Server 2016 Standard",
    "osMachine": "i686",
    "cpus": [
      {
        "model": "Intel(R) Xeon(R) Gold 6242 CPU @ 2.80GHz",
        "speed": 2793,
        "user": 15438031,
        "nice": 0,
        "sys": 4260031,
        "idle": 119547828,
        "irq": 72406
      },
      {
        "model": "Intel(R) Xeon(R) Gold 6242 CPU @ 2.80GHz",
        "speed": 2793,
        "user": 17321656,
        "nice": 0,
        "sys": 4388703,
        "idle": 117535281,
        "irq": 47875
      },
      {
        "model": "Intel(R) Xeon(R) Gold 6242 CPU @ 2.80GHz",
        "speed": 2793,
        "user": 14961984,
        "nice": 0,
        "sys": 3849453,
        "idle": 120434203,
        "irq": 43234
      },
      {
        "model": "Intel(R) Xeon(R) Gold 6242 CPU @ 2.80GHz",
        "speed": 2793,
        "user": 14808437,
        "nice": 0,
        "sys": 3709109,
        "idle": 120728093,
        "irq": 38906
      },
      {
        "model": "Intel(R) Xeon(R) Gold 6242 CPU @ 2.80GHz",
        "speed": 2793,
        "user": 15849015,
        "nice": 0,
        "sys": 3742703,
        "idle": 119653906,
        "irq": 36187
      },
      {
        "model": "Intel(R) Xeon(R) Gold 6242 CPU @ 2.80GHz",
        "speed": 2793,
        "user": 19974781,
        "nice": 0,
        "sys": 5222359,
        "idle": 114048484,
        "irq": 41500
      },
      {
        "model": "Intel(R) Xeon(R) Gold 6242 CPU @ 2.80GHz",
        "speed": 2793,
        "user": 14776796,
        "nice": 0,
        "sys": 3801781,
        "idle": 120667046,
        "irq": 44593
      },
      {
        "model": "Intel(R) Xeon(R) Gold 6242 CPU @ 2.80GHz",
        "speed": 2793,
        "user": 13620796,
        "nice": 0,
        "sys": 5071484,
        "idle": 120553343,
        "irq": 68734
      }
    ],
    "networkInterfaces": [
      {
        "name": "Ethernet0",
        "internal": false,
        "mac": "00:50:56:9d:f6:2c",
        "address": "10.28.140.40",
        "netmask": "255.255.255.0",
        "family": "IPv4"
      },
      {
        "name": "Loopback Pseudo-Interface 1",
        "internal": true,
        "mac": "00:00:00:00:00:00",
        "address": "::1",
        "netmask": "ffff:ffff:ffff:ffff:ffff:ffff:ffff:ffff",
        "family": "IPv6",
        "scopeid": 0
      },
      {
        "name": "Loopback Pseudo-Interface 1",
        "internal": true,
        "mac": "00:00:00:00:00:00",
        "address": "127.0.0.1",
        "netmask": "255.0.0.0",
        "family": "IPv4"
      }
    ],
    "host": "BY0ZNU"
  },
  "javascriptStack": {
    "message": "No stack.",
    "stack": [
      "Unavailable."
    ]
  },
  "nativeStack": [
    {
      "pc": "0x01704468",
      "symbol": ""
    }
  ],
  "javascriptHeap": {
    "totalMemory": 43237376,
    "totalCommittedMemory": 43237376,
    "usedMemory": 40834740,
    "availableMemory": 3206458056,
    "memoryLimit": 3246391296,
    "heapSpaces": {
      "read_only_space": {
        "memorySize": 262144,
        "committedMemory": 262144,
        "capacity": 262008,
        "used": 22100,
        "available": 239908
      },
      "new_space": {
        "memorySize": 1048576,
        "committedMemory": 1048576,
        "capacity": 1048032,
        "used": 1047984,
        "available": 48
      },
      "old_space": {
        "memorySize": 20779008,
        "committedMemory": 20779008,
        "capacity": 20748328,
        "used": 19257948,
        "available": 1490380
      },
      "code_space": {
        "memorySize": 950272,
        "committedMemory": 950272,
        "capacity": 896480,
        "used": 600160,
        "available": 296320
      },
      "map_space": {
        "memorySize": 528384,
        "committedMemory": 528384,
        "capacity": 527928,
        "used": 298480,
        "available": 229448
      },
      "large_object_space": {
        "memorySize": 19619840,
        "committedMemory": 19619840,
        "capacity": 19606052,
        "used": 19606052,
        "available": 0
      },
      "code_large_object_space": {
        "memorySize": 49152,
        "committedMemory": 49152,
        "capacity": 2016,
        "used": 2016,
        "available": 0
      },
      "new_large_object_space": {
        "memorySize": 0,
        "committedMemory": 0,
        "capacity": 1048032,
        "used": 0,
        "available": 1048032
      }
    }
  },
  "resourceUsage": {
    "userCpuSeconds": 10.281,
    "kernelCpuSeconds": 7.156,
    "cpuConsumptionPercent": 0.0643052,
    "maxRss": 77606912,
    "pageFaults": {
      "IORequired": 149117,
      "IONotRequired": 0
    },
    "fsActivity": {
      "reads": 264,
      "writes": 119
    }
  },
  "libuv": [
  ],
  "environmentVariables": {
    "16": "C:\\Program Files\\Common Files\\Microsoft Shared\\Web Server Extensions\\16",
    "=C:": "C:\\",
    "ALLUSERSPROFILE": "C:\\ProgramData",
    "APPDATA": "C:\\Users\\ELUQL\\AppData\\Roaming",
    "CLIENTNAME": "WUSV001910",
    "CommonProgramFiles": "C:\\Program Files (x86)\\Common Files",
    "CommonProgramFiles(x86)": "C:\\Program Files (x86)\\Common Files",
    "CommonProgramW6432": "C:\\Program Files\\Common Files",
    "COMPUTERNAME": "BY0ZNU",
    "ComSpec": "C:\\Windows\\system32\\cmd.exe",
    "FPS_BROWSER_APP_PROFILE_STRING": "Internet Explorer",
    "FPS_BROWSER_USER_PROFILE_STRING": "Default",
    "HOMEDRIVE": "C:",
    "HOMEPATH": "\\Users\\ELUQL",
    "IIS_BIN": "C:\\Program Files (x86)\\IIS Express",
    "IIS_DRIVE": "C:",
    "IIS_SITES_HOME": "C:\\Users\\ELUQL\\Documents\\My Web Sites",
    "IIS_USER_HOME": "C:\\Users\\ELUQL\\Documents\\IISExpress",
    "LOCALAPPDATA": "C:\\Users\\ELUQL\\AppData\\Local",
    "LOGONSERVER": "\\\\BY0YLP",
    "MSBuildLoadMicrosoftTargetsReadOnly": "true",
    "MSMPI_BENCHMARKS": "C:\\Program Files\\Microsoft MPI\\Benchmarks\\",
    "MSMPI_BIN": "C:\\Program Files\\Microsoft MPI\\Bin\\",
    "NUMBER_OF_PROCESSORS": "8",
    "OS": "Windows_NT",
    "Path": "C:\\Program Files\\EMC NetWorker\\nsr\\bin;C:\\Program Files\\Microsoft MPI\\Bin\\;D:\\app\\client\\eluqt\\product\\12.2.0\\client_2;D:\\app\\client\\eluqt\\product\\12.2.0\\client_2\\bin;D:\\app\\client\\eluqt\\product\\12.2.0\\client_1;D:\\app\\client\\eluqt\\product\\12.2.0\\client_1\\bin;C:\\Windows\\system32;C:\\Windows;C:\\Windows\\System32\\Wbem;C:\\Windows\\System32\\WindowsPowerShell\\v1.0\\;D:\\Program Files (x86)\\Microsoft SQL Server\\140\\Tools\\Binn\\;D:\\Program Files\\Microsoft SQL Server\\140\\Tools\\Binn\\;D:\\Program Files (x86)\\Microsoft SQL Server\\140\\DTS\\Binn\\;D:\\Program Files\\Microsoft SQL Server\\140\\DTS\\Binn\\;D:\\Program Files\\Microsoft SQL Server\\Client SDK\\ODBC\\130\\Tools\\Binn\\;d:\\Program Files (x86)\\Microsoft SQL Server\\Client SDK\\ODBC\\130\\Tools\\Binn\\;d:\\Program Files (x86)\\Microsoft SQL Server\\140\\Tools\\Binn\\ManagementStudio\\;C:\\Program Files\\Microsoft Office Servers\\16.0\\Bin\\;C:\\Program Files\\Common Files\\microsoft shared\\Web Server Extensions\\16\\BIN;C:\\Program Files\\dotnet\\;D:\\Program Files\\Microsoft SQL Server\\130\\Tools\\Binn\\;D:\\Program Files\\Microsoft SQL Server\\Client SDK\\ODBC\\170\\Tools\\Binn\\;C:\\Program Files (x86)\\dotnet\\;C:\\Users\\ELUQL\\AppData\\Local\\Microsoft\\WindowsApps;",
    "PATHEXT": ".COM;.EXE;.BAT;.CMD;.VBS;.VBE;.JS;.JSE;.WSF;.WSH;.MSC",
    "PkgDefApplicationConfigFile": "C:\\Users\\ELUQL\\AppData\\Local\\Microsoft\\VisualStudio\\16.0_8feaca6d\\devenv.exe.config",
    "PROCESSOR_ARCHITECTURE": "x86",
    "PROCESSOR_ARCHITEW6432": "AMD64",
    "PROCESSOR_IDENTIFIER": "Intel64 Family 6 Model 85 Stepping 0, GenuineIntel",
    "PROCESSOR_LEVEL": "6",
    "PROCESSOR_REVISION": "5500",
    "ProgramData": "C:\\ProgramData",
    "ProgramFiles": "C:\\Program Files (x86)",
    "ProgramFiles(x86)": "C:\\Program Files (x86)",
    "ProgramW6432": "C:\\Program Files",
    "PSModulePath": "C:\\Program Files\\WindowsPowerShell\\Modules;C:\\Windows\\system32\\WindowsPowerShell\\v1.0\\Modules;C:\\Program Files\\Microsoft Monitoring Agent\\Agent\\PowerShell\\;D:\\Program Files (x86)\\Microsoft SQL Server\\140\\Tools\\PowerShell\\Modules\\;C:\\Program Files\\AppFabric 1.1 for Windows Server\\PowershellModules;C:\\Program Files (x86)\\SharePoint Online Management Shell\\;C:\\Program Files (x86)\\Sharegate\\",
    "PUBLIC": "C:\\Users\\Public",
    "ServiceHubLogSessionKey": "F0AF6A57",
    "SESSIONNAME": "RDP-Tcp#11",
    "SystemDrive": "C:",
    "SystemRoot": "C:\\Windows",
    "TEMP": "C:\\Users\\ELUQL\\AppData\\Local\\Temp\\7",
    "ThreadedWaitDialogDpiContext": "-2",
    "TMP": "C:\\Users\\ELUQL\\AppData\\Local\\Temp\\7",
    "USERDNSDOMAIN": "BAYER.CNB",
    "USERDOMAIN": "AD-BAYER-CNB",
    "USERDOMAIN_ROAMINGPROFILE": "AD-BAYER-CNB",
    "USERNAME": "ELUQL",
    "USERPROFILE": "C:\\Users\\ELUQL",
    "VisualStudioDir": "C:\\Users\\ELUQL\\Documents\\Visual Studio 2019",
    "VisualStudioEdition": "Microsoft Visual Studio Enterprise 2019",
    "VisualStudioVersion": "16.0",
    "VSAPPIDDIR": "D:\\Program Files (x86)\\Microsoft Visual Studio\\2019\\Enterprise\\Common7\\IDE\\",
    "VSAPPIDNAME": "devenv.exe",
    "VSLANG": "1033",
    "VSSKUEDITION": "Enterprise",
    "windir": "C:\\Windows"
  },
  "sharedObjects": [
    "D:\\Program Files (x86)\\Microsoft Visual Studio\\2019\\Enterprise\\MSBuild\\Microsoft\\VisualStudio\\NodeJs\\node.exe",
    "C:\\Windows\\SYSTEM32\\ntdll.dll",
    "C:\\Windows\\System32\\KERNEL32.DLL",
    "C:\\Windows\\System32\\KERNELBASE.dll",
    "C:\\Windows\\System32\\WS2_32.dll",
    "C:\\Windows\\System32\\sechost.dll",
    "C:\\Windows\\SYSTEM32\\dbghelp.dll",
    "C:\\Windows\\System32\\RPCRT4.dll",
    "C:\\Windows\\System32\\ucrtbase.dll",
    "C:\\Windows\\System32\\SspiCli.dll",
    "C:\\Windows\\System32\\CRYPTBASE.dll",
    "C:\\Windows\\System32\\bcryptPrimitives.dll",
    "C:\\Windows\\System32\\ADVAPI32.dll",
    "C:\\Windows\\System32\\msvcrt.dll",
    "C:\\Windows\\System32\\USER32.dll",
    "C:\\Windows\\System32\\win32u.dll",
    "C:\\Windows\\System32\\GDI32.dll",
    "C:\\Windows\\System32\\gdi32full.dll",
    "C:\\Windows\\System32\\PSAPI.DLL",
    "C:\\Windows\\System32\\CRYPT32.dll",
    "C:\\Windows\\System32\\MSASN1.dll",
    "C:\\Windows\\SYSTEM32\\IPHLPAPI.DLL",
    "C:\\Windows\\SYSTEM32\\USERENV.dll",
    "C:\\Windows\\SYSTEM32\\WINMM.dll",
    "C:\\Windows\\SYSTEM32\\bcrypt.dll",
    "C:\\Windows\\System32\\profapi.dll",
    "C:\\Windows\\SYSTEM32\\WINMMBASE.dll",
    "C:\\Windows\\System32\\cfgmgr32.dll",
    "C:\\Windows\\System32\\IMM32.DLL",
    "C:\\Windows\\System32\\powrprof.dll",
    "C:\\Windows\\system32\\uxtheme.dll",
    "C:\\Windows\\System32\\combase.dll",
    "C:\\Windows\\system32\\mswsock.dll",
    "C:\\Windows\\System32\\kernel.appcore.dll",
    "\\\\?\\C:\\Program Files (x86)\\Microsoft SDKs\\TypeScript\\3.8\\node_modules\\@microsoft\\typescript-etw\\bin\\ia32\\typescript-etw.node",
    "C:\\Windows\\System32\\NSI.dll",
    "C:\\Windows\\SYSTEM32\\dhcpcsvc6.DLL",
    "C:\\Windows\\SYSTEM32\\dhcpcsvc.DLL",
    "C:\\Windows\\SYSTEM32\\DNSAPI.dll",
    "C:\\Windows\\System32\\rasadhlp.dll",
    "C:\\Windows\\System32\\fwpuclnt.dll",
    "C:\\Windows\\system32\\napinsp.dll",
    "C:\\Windows\\System32\\winrnr.dll",
    "C:\\Windows\\system32\\NLAapi.dll"
  ]
}