<Feature xmlns="http://schemas.microsoft.com/sharepoint/" Title="Express Contract List" Id="884a6800-7c69-4eb3-934f-3bd10f0bf4d2" ReceiverAssembly="Monsanto.ContractExpressSystem, Version=1.0.0.0, Culture=neutral, PublicKeyToken=9747fdf77c58e4f0" ReceiverClass="Monsanto.ContractExpressSystem.Features.Monsanto.ContractExpressSystem.Lists.MonsantoContractExpressSystemEventReceiver" Scope="Web"  Hidden="True">
  <ElementManifests>
    <ElementManifest Location="LoggingListInstance\Elements.xml" />
    <ElementManifest Location="LoggingListDefinition\Elements.xml" />
    <ElementFile Location="LoggingListDefinition\Schema.xml" />
    <ElementFile Location="ExpressContractlib\EditDlg.htm" />
    <ElementManifest Location="ExpressContractlib\Elements.xml" />
    <ElementFile Location="ExpressContractlib\FileDlg.htm" />
    <ElementFile Location="ExpressContractlib\Repair.aspx" />
    <ElementFile Location="ExpressContractlib\Schema.xml" />
    <ElementFile Location="ExpressContractlib\Upload.aspx" />
    <ElementManifest Location="Pages\Elements.xml" />
    <ElementFile Location="Pages\PendingApproval.aspx" />
  </ElementManifests>
</Feature>