<Feature xmlns="http://schemas.microsoft.com/sharepoint/" Title="Express Contract List" Id="884a6800-7c69-4eb3-934f-3bd10f0bf4d2" ReceiverAssembly="Bayer.BCS.ContractExpressSystem, Version=1.0.0.0, Culture=neutral, PublicKeyToken=9747fdf77c58e4f0" ReceiverClass="Bayer.BCS.ContractExpressSystem.Features.Bayer.BCS.ContractExpressSystem.Lists.MonsantoContractExpressSystemEventReceiver" Scope="Site"  Hidden="True">
  <ElementManifests>
    
    <ElementFile Location="ExpressContractlib\EditDlg.htm" />
    <ElementManifest Location="ExpressContractlib\Elements.xml" />
    <ElementFile Location="ExpressContractlib\FileDlg.htm" />
    <ElementFile Location="ExpressContractlib\Repair.aspx" />
    <ElementFile Location="ExpressContractlib\Schema.xml" />
    <ElementFile Location="ExpressContractlib\Upload.aspx" />
  
  </ElementManifests>
</Feature>