﻿<?xml version="1.0" encoding="utf-8"?>
<Elements xmlns="http://schemas.microsoft.com/sharepoint/">
  <Module Name="Style Library" Url="Style Library"  RootWebOnly="true">
    <File Path="StyleLibrary\Css\ContractExpress.css" Url="Css/ContractExpress.css" Type="GhostableInLibrary"/>
    <File Path="StyleLibrary\Images\headerPeople.jpg" Url="Images/headerPeople.jpg" Type="GhostableInLibrary"/>
    <File Path="StyleLibrary\Images\ce-contract-new.png" Url="Images/ce-contract-new.png" Type="GhostableInLibrary" />
    <File Path="StyleLibrary\Images\ce-contract-submit.png" Url="Images/ce-contract-submit.png" Type="GhostableInLibrary" />

    <File Path="StyleLibrary\Images\error-24.png" Url="Images/error-24.png" Type="GhostableInLibrary" />
    <File Path="StyleLibrary\Images\ce-contract-new-16.png" Url="Images/ce-contract-new-16.png" Type="GhostableInLibrary" />
    <File Path="StyleLibrary\Images\ce-contract-24.png" Url="Images/ce-contract-24.png" Type="GhostableInLibrary" />
    <File Path="StyleLibrary\Images\search.png" Url="Images/search.png" Type="GhostableInLibrary" />
    <File Path="StyleLibrary\Images\ce-contract-approve.png" Url="Images/ce-contract-approve.png" Type="GhostableInLibrary"/>
    <File Path="StyleLibrary\Images\ce-template-upload.png" Url="Images/ce-template-upload.png" Type="GhostableInLibrary" />
    <File Path="StyleLibrary\Images\ce-Summary.png" Url="Images/ce-Summary.png" Type="GhostableInLibrary"  />
    <File Path="StyleLibrary\Images\ce-Summary_bordered.png" Url="Images/ce-Summary_bordered.png" Type="GhostableInLibrary" />
    <File Path="StyleLibrary\Images\ce-loader.gif" Url="Images/ce-loader.gif" Type="GhostableInLibrary" />
    <File Path="StyleLibrary\Images\buttonbg.png" Url="Images/buttonbg.png" Type="GhostableInLibrary" />
    <File Path="StyleLibrary\Images\ce-Info.png" Url="Images/ce-Info.png" Type="GhostableInLibrary" />


    <File Path="StyleLibrary\Images\ce-contract-archive.png" Url="Images/ce-contract-archive.png" Type="GhostableInLibrary"/>
    <File Path="StyleLibrary\Images\ce-contract-edit.png" Url="Images/ce-contract-edit.png" Type="GhostableInLibrary"/>
    <File Path="StyleLibrary\Images\ce-contract-archive2-24.png" Url="Images/ce-contract-archive2-24.png" Type="GhostableInLibrary"/>
    <File Path="StyleLibrary\Images\ce-item-add-16.png" Url="Images/ce-item-add-16.png" Type="GhostableInLibrary" />
    <File Path="StyleLibrary\Images\Print.png" Url="Images/Print.png" Type="GhostableInLibrary" />

    <File Path="StyleLibrary\Images\ce-item-del-16.png" Url="Images/ce-item-del-16.png" Type="GhostableInLibrary" />
    <File Path="StyleLibrary\Images\ce-contract-submit.png" Url="Images/ce-contract-submit.png" Type="GhostableInLibrary"/>
    <File Path="StyleLibrary\Images\monsantoLogo.png" Url="Images/monsantoLogo.png" Type="GhostableInLibrary" />
    <File Path="StyleLibrary\Images\loading-image.gif" Url="Images/loading-image.gif" Type="GhostableInLibrary" />
    <File Path="StyleLibrary\Images\Question_Mark-Icon.png" Url="StyleLibrary/Images/Question_Mark-Icon.png" />
    <File Path="StyleLibrary\Images\Print.png" Url="StyleLibrary/Images/Print.png" />
  </Module>
</Elements>