<Feature xmlns="http://schemas.microsoft.com/sharepoint/" Title="Contract Express - Update masterpage" Id="18b69633-f1fa-4f3b-86e5-60fb5461643d" ReceiverAssembly="Monsanto.ContractExpressSystem, Version=1.0.0.0, Culture=neutral, PublicKeyToken=9747fdf77c58e4f0" ReceiverClass="Monsanto.ContractExpressSystem.Features.Monsanto.ContractExpressSystem.MasterPage.MonsantoContractExpressSystemEventReceiver" Scope="Site" Hidden="True" AlwaysForceInstall="True">
  <ElementManifests>
    <ElementFile Location="MasterPage\ContractExpressOld.master" />
    <ElementFile Location="MasterPage\ContractExpressv4.master" />
    <ElementManifest Location="MasterPage\Elements.xml" />
    <ElementFile Location="StyleLibrary\Css\ContractExpress.css" />
    <ElementManifest Location="StyleLibrary\Elements.xml" />
    <ElementFile Location="StyleLibrary\Images\buttonbg.png" />
    <ElementFile Location="StyleLibrary\Images\ce-item-add-16.png" />
    <ElementFile Location="StyleLibrary\Images\ce-item-del-16.png" />
    <ElementFile Location="StyleLibrary\Images\Print.png" />
    <ElementFile Location="StyleLibrary\Images\ce-contract-24.png" />
    <ElementFile Location="StyleLibrary\Images\ce-contract-archive.png" />
    <ElementFile Location="StyleLibrary\Images\ce-contract-archive2-24.png" />
    <ElementFile Location="StyleLibrary\Images\ce-contract-edit.png" />
    <ElementFile Location="StyleLibrary\Images\ce-contract-approve.png" />
    <ElementFile Location="StyleLibrary\Images\ce-contract-new-16.png" />
    <ElementFile Location="StyleLibrary\Images\ce-contract-new.png" />
    <ElementFile Location="StyleLibrary\Images\ce-contract-submit.png" />
    <ElementFile Location="StyleLibrary\Images\ce-loader.gif" />
    <ElementFile Location="StyleLibrary\Images\ce-Summary.png" />
    <ElementFile Location="StyleLibrary\Images\ce-Summary_bordered.png" />
    <ElementFile Location="StyleLibrary\Images\ce-template-upload.png" />
    <ElementFile Location="StyleLibrary\Images\error-24.png" />
    <ElementFile Location="StyleLibrary\Images\search.png" />
    <ElementFile Location="StyleLibrary\Images\loading-image.gif" />
    <ElementFile Location="StyleLibrary\Images\headerPeople.jpg" />
    <ElementFile Location="StyleLibrary\Images\monsantoLogo.png" />
    <ElementFile Location="StyleLibrary\Images\ce-Info.png" />
    <ElementFile Location="StyleLibrary\Images\Question_Mark-Icon.png" />
    <ElementManifest Location="MyContractsToSubmit\Elements.xml" />
    <ElementFile Location="MyContractsToSubmit\MyContractsToSubmit.webpart" />
    <ElementManifest Location="MyContracts\Elements.xml" />
    <ElementFile Location="MyContracts\MyContracts.webpart" />
    <ElementManifest Location="ContractSearch\Elements.xml" />
    <ElementFile Location="ContractSearch\ContractSearch.webpart" />

    

  </ElementManifests>
</Feature>