﻿<?xml version="1.0" encoding="utf-8"?>
<Feature xmlns="http://schemas.microsoft.com/sharepoint/" ActivateOnDefault="FALSE" AlwaysForceInstall="TRUE" Hidden="TRUE" Id="4861c8f7-d2df-43e3-bfcd-8f9b24e52b11" Scope="Site" Title="Bayer.BCS.ContractExpressSystem.Phase2Webparts">
  <ElementManifests>
    <ElementManifest Location="NewContractWebPart\Elements.xml" />
    <ElementFile Location="NewContractWebPart\NewContractWebPart.webpart" />
    <ElementManifest Location="ContractSearch\Elements.xml" />
    <ElementFile Location="ContractSearch\ContractSearch.webpart" />
    <ElementManifest Location="MyContracts\Elements.xml" />
    <ElementFile Location="MyContracts\MyContracts.webpart" />
    <ElementManifest Location="MyContractsToSubmit\Elements.xml" />
    <ElementFile Location="MyContractsToSubmit\MyContractsToSubmit.webpart" />
    <ElementManifest Location="PendingApproval\Elements.xml" />
    <ElementFile Location="PendingApproval\PendingApproval.webpart" />
  </ElementManifests>
</Feature>