﻿<?xml version="1.0" encoding="utf-8"?>
<Solution xmlns="http://schemas.microsoft.com/sharepoint/" SolutionId="25d16ea0-cd9d-4eac-90ba-883bd6d0e23b" SharePointProductVersion="16.0">
  <Assemblies>
    <Assembly Location="DocumentFormat.OpenXml.dll" DeploymentTarget="GlobalAssemblyCache">
      <SafeControls>
        <SafeControl Assembly="DocumentFormat.OpenXml.dll" Namespace="DocumentFormat.OpenXml" TypeName="*" />
      </SafeControls>
    </Assembly>
    <Assembly Location="Bayer.BCS.ContractExpressSystem.dll" DeploymentTarget="GlobalAssemblyCache">
      <SafeControls>
        <SafeControl Assembly="Bayer.BCS.ContractExpressSystem, Version=1.0.0.0, Culture=neutral, PublicKeyToken=9747fdf77c58e4f0" Namespace="Bayer.BCS.ContractExpressSystem.WebParts.NewContractWebPart" TypeName="*" />
        <SafeControl Assembly="Bayer.BCS.ContractExpressSystem, Version=1.0.0.0, Culture=neutral, PublicKeyToken=9747fdf77c58e4f0" Namespace="Bayer.BCS.ContractExpressSystem.WebParts.ContractSearch" TypeName="*" />
        <SafeControl Assembly="Bayer.BCS.ContractExpressSystem, Version=1.0.0.0, Culture=neutral, PublicKeyToken=9747fdf77c58e4f0" Namespace="Bayer.BCS.ContractExpressSystem.WebParts.MyContracts" TypeName="*" />
        <SafeControl Assembly="Bayer.BCS.ContractExpressSystem, Version=1.0.0.0, Culture=neutral, PublicKeyToken=9747fdf77c58e4f0" Namespace="Bayer.BCS.ContractExpressSystem.WebParts.MyContractsToSubmit" TypeName="*" />
        <SafeControl Assembly="Bayer.BCS.ContractExpressSystem, Version=1.0.0.0, Culture=neutral, PublicKeyToken=9747fdf77c58e4f0" Namespace="Bayer.BCS.ContractExpressSystem.WebParts.PendingApproval" TypeName="*" />
      </SafeControls>
    </Assembly>
    <Assembly Location="Bayer.BCS.ContractExpressSystem.EventReceiver.dll" DeploymentTarget="GlobalAssemblyCache" />
  </Assemblies>
  <TemplateFiles>
    <TemplateFile Location="CONTROLTEMPLATES\Bayer.BCS.ContractExpressSystem.WebParts\NewContractWebPart\NewContractWebPartUserControl.ascx" />
    <TemplateFile Location="CONTROLTEMPLATES\Bayer.BCS.ContractExpressSystem.WebParts\ContractSearch\ContractSearchUserControl.ascx" />
    <TemplateFile Location="CONTROLTEMPLATES\Bayer.BCS.ContractExpressSystem.WebParts\MyContracts\MyContractsUserControl.ascx" />
    <TemplateFile Location="CONTROLTEMPLATES\Bayer.BCS.ContractExpressSystem.WebParts\MyContractsToSubmit\MyContractsToSubmitUserControl.ascx" />
    <TemplateFile Location="CONTROLTEMPLATES\Bayer.BCS.ContractExpressSystem.WebParts\PendingApproval\PendingApprovalUserControl.ascx" />
    <TemplateFile Location="Layouts\ContractExpressSystem\ArchiveContractForm.aspx" />
    <TemplateFile Location="Layouts\ContractExpressSystem\ContractSearch.aspx" />
    <TemplateFile Location="Layouts\ContractExpressSystem\CoverPage.aspx" />
    <TemplateFile Location="Layouts\ContractExpressSystem\Script\cexpress.js" />
    <TemplateFile Location="Layouts\ContractExpressSystem\ApprovalForm.aspx" />
    <TemplateFile Location="Layouts\ContractExpressSystem\ChangeContract.aspx" />
    <TemplateFile Location="Layouts\ContractExpressSystem\ContractSummary.aspx" />
    <TemplateFile Location="Layouts\ContractExpressSystem\FCPAQuestionForm.aspx" />
    <TemplateFile Location="Layouts\ContractExpressSystem\QuestionForm.aspx" />
    <TemplateFile Location="Layouts\ContractExpressSystem\Script\ConvertToWords.js" />
    <TemplateFile Location="Layouts\ContractExpressSystem\Script\dialog_box.js" />
    <TemplateFile Location="Layouts\ContractExpressSystem\Script\images\animated-overlay.gif" />
    <TemplateFile Location="Layouts\ContractExpressSystem\Script\images\arrow-down.jpg" />
    <TemplateFile Location="Layouts\ContractExpressSystem\Script\images\arrow-up.jpg" />
    <TemplateFile Location="Layouts\ContractExpressSystem\Script\images\customIcons.gif" />
    <TemplateFile Location="Layouts\ContractExpressSystem\Script\images\rte_colorpicker_gray.jpg" />
    <TemplateFile Location="Layouts\ContractExpressSystem\Script\images\rte_colorpicker_rgb.jpg" />
    <TemplateFile Location="Layouts\ContractExpressSystem\Script\images\rte_icons.gif" />
    <TemplateFile Location="Layouts\ContractExpressSystem\Script\images\ui-bg_flat_0_aaaaaa_40x100.png" />
    <TemplateFile Location="Layouts\ContractExpressSystem\Script\images\ui-bg_flat_75_ffffff_40x100.png" />
    <TemplateFile Location="Layouts\ContractExpressSystem\Script\images\ui-bg_glass_55_fbf9ee_1x400.png" />
    <TemplateFile Location="Layouts\ContractExpressSystem\Script\images\ui-bg_glass_65_ffffff_1x400.png" />
    <TemplateFile Location="Layouts\ContractExpressSystem\Script\images\ui-bg_glass_75_dadada_1x400.png" />
    <TemplateFile Location="Layouts\ContractExpressSystem\Script\images\ui-bg_glass_75_e6e6e6_1x400.png" />
    <TemplateFile Location="Layouts\ContractExpressSystem\Script\images\ui-bg_glass_95_fef1ec_1x400.png" />
    <TemplateFile Location="Layouts\ContractExpressSystem\Script\images\ui-bg_highlight-soft_75_cccccc_1x100.png" />
    <TemplateFile Location="Layouts\ContractExpressSystem\Script\images\ui-icons_222222_256x240.png" />
    <TemplateFile Location="Layouts\ContractExpressSystem\Script\images\ui-icons_2e83ff_256x240.png" />
    <TemplateFile Location="Layouts\ContractExpressSystem\Script\images\ui-icons_454545_256x240.png" />
    <TemplateFile Location="Layouts\ContractExpressSystem\Script\images\ui-icons_888888_256x240.png" />
    <TemplateFile Location="Layouts\ContractExpressSystem\Script\images\ui-icons_cd0a0a_256x240.png" />
    <TemplateFile Location="Layouts\ContractExpressSystem\Script\jquery-1.11.0.min.js" />
    <TemplateFile Location="Layouts\ContractExpressSystem\Script\jquery-ui-1.10.4.custom.min.css" />
    <TemplateFile Location="Layouts\ContractExpressSystem\Script\jquery-ui-1.10.4.custom.min.js" />
    <TemplateFile Location="Layouts\ContractExpressSystem\Script\jquery.json-2.4.min.js" />
    <TemplateFile Location="Layouts\ContractExpressSystem\UploadTemplate.aspx" />
  </TemplateFiles>
  <FeatureManifests>
    <FeatureManifest Location="Bayer.BCS.ContractExpressSystem_Bayer.BCS.ContractExpressSystem.SiteApplication\Feature.xml" />
    <FeatureManifest Location="Bayer.BCS.ContractExpressSystem_Bayer.BCS.ContractExpressSystem.Phase2Webparts\Feature.xml" />
    <FeatureManifest Location="Bayer.BCS.ContractExpressSystem.EventReceiver_ContractExpressEventReceiver\Feature.xml" />
  </FeatureManifests>
</Solution>