﻿<?xml version="1.0" encoding="utf-8"?>
<List xmlns:ows="Microsoft SharePoint" Title="Monsanto Contract Express System - Logging list" FolderCreation="FALSE" Direction="$Resources:Direction;" Url="Lists/Bayer.BCS.ContractExpressSystem-LoggingListDefinition" BaseType="0" xmlns="http://schemas.microsoft.com/sharepoint/">
  <MetaData>
    <ContentTypes>
      <ContentTypeRef ID="0x01">
        <Folder TargetName="Item" />
      </ContentTypeRef>
      <ContentTypeRef ID="0x0120" />
    </ContentTypes>
    <Fields>
      <Field ID="{7738AEFD-76A2-4C64-B247-CFBF24E0F0BD}"
     Name="Level" Type="Choice"
     DisplayName="Level"  Required="FALSE">
        <CHOICES>
          <CHOICE>Unexpected</CHOICE>
          <CHOICE>Information</CHOICE>
        </CHOICES>
      </Field>
      <Field ID="{B373CFE3-C0B7-45E4-BA57-A6C74BC91CDC}"
             Name="Title"
             Type="Note" DisplayName="Message"
             Required="FALSE"></Field>
      <Field ID="{59E9CE39-8A76-4EBE-987E-6C093597F9E3}"
             Name="StackTrace" Type="Note"
             DisplayName="Stack Trace"  Required="FALSE">
      </Field>
      <Field ID="{84C1B64B-F14C-4DC9-952B-F8C43BF640CF}"
         Name="TimeStamp" Type="DateTime"
         DisplayName="TimeStamp"  Required="FALSE">
      </Field>
    </Fields>
    <Views>
      <View BaseViewID="0" Type="HTML" MobileView="TRUE" TabularView="FALSE">
        <Toolbar Type="Standard" />
        <XslLink Default="TRUE">main.xsl</XslLink>
        <RowLimit Paged="TRUE">30</RowLimit>
        <ViewFields>
          <FieldRef Name="Level"></FieldRef>
          <FieldRef Name="LinkTitleNoMenu"></FieldRef>
          <FieldRef Name="StackTrace"></FieldRef>
          <FieldRef Name="TimeStamp"></FieldRef>
          <FieldRef Name="Author"></FieldRef>
        </ViewFields>
        <Query>
          <OrderBy>
            <FieldRef Name="TimeStamp" Ascending="FALSE"></FieldRef>
          </OrderBy>
          <GroupBy Collapse="TRUE">
            <FieldRef Name="Level" />
          </GroupBy>
        </Query>
        <ParameterBindings>
          <ParameterBinding Name="AddNewAnnouncement" Location="Resource(wss,addnewitem)" />
          <ParameterBinding Name="NoAnnouncements" Location="Resource(wss,noXinviewofY_LIST)" />
          <ParameterBinding Name="NoAnnouncementsHowTo" Location="Resource(wss,noXinviewofY_ONET_HOME)" />
        </ParameterBindings>
      </View>
      <View BaseViewID="1" Type="HTML" WebPartZoneID="Main" DisplayName="$Resources:core,objectiv_schema_mwsidcamlidC24;" DefaultView="TRUE" MobileView="TRUE" MobileDefaultView="TRUE" SetupPath="pages\viewpage.aspx" ImageUrl="/_layouts/images/generic.png" Url="AllItems.aspx">
        <Toolbar Type="Standard" />
        <XslLink Default="false">main.xsl</XslLink>
        <RowLimit Paged="TRUE">30</RowLimit>
        <ViewFields>
          <FieldRef Name="ID"></FieldRef>
          <FieldRef Name="LinkTitleNoMenu"></FieldRef>
          <FieldRef Name="Level"></FieldRef>
          <FieldRef Name="Title"></FieldRef>
          <FieldRef Name="StackTrace"></FieldRef>
          <FieldRef Name="TimeStamp"></FieldRef>
          <FieldRef Name="Author"></FieldRef>
        </ViewFields>
        <Query>
          <OrderBy>
            <FieldRef Name="ID" Ascending="FALSE"></FieldRef>
          </OrderBy>
          <GroupBy Collapse="TRUE">
            <FieldRef Name="Level" />
          </GroupBy>
        </Query>
        <ParameterBindings>
          <ParameterBinding Name="NoAnnouncements" Location="Resource(wss,noXinviewofY_LIST)" />
          <ParameterBinding Name="NoAnnouncementsHowTo" Location="Resource(wss,noXinviewofY_DEFAULT)" />
        </ParameterBindings>
      </View>
    </Views>
    <Forms>
      <Form Type="DisplayForm" Url="DispForm.aspx" SetupPath="pages\form.aspx" WebPartZoneID="Main" />
      <Form Type="EditForm" Url="EditForm.aspx" SetupPath="pages\form.aspx" WebPartZoneID="Main" />
      <Form Type="NewForm" Url="NewForm.aspx" SetupPath="pages\form.aspx" WebPartZoneID="Main" />
    </Forms>
  </MetaData>
</List>